-- Inserting data into the department table
INSERT INTO department (dept_name, building, budget) VALUES ('Computer Science', 'LT-1', 10000000.00);
INSERT INTO department (dept_name, building, budget) VALUES ('Mathematics', 'LT-2', 40000000.00);
INSERT INTO department (dept_name, building, budget) VALUES ('Statistics', 'LT-1', 9000000.00);
INSERT INTO department (dept_name, building, budget) VALUES ('Literature', 'LT-3', 50000000.00);
INSERT INTO department (dept_name, building, budget) VALUES ('Botany', 'LT-4', 20000000.00);

-- Inserting data into the instructor table
INSERT INTO instructor (ID, name, dept_name, salary) VALUES ('1', 'Vikas', 'Computer Science', 100000.00);
INSERT INTO instructor (ID, name, dept_name, salary) VALUES ('2', 'Bharti', 'Computer Science', 100000.00);
INSERT INTO instructor (ID, name, dept_name, salary) VALUES ('3', 'Vasudha', 'Computer Science', 200000.00);
INSERT INTO instructor (ID, name, dept_name, salary) VALUES ('4', 'Mukesh', 'Mathematics', 100000.00);
INSERT INTO instructor (ID, name, dept_name, salary) VALUES ('5', 'Awadhesh', 'Mathematics', 200000.00);
INSERT INTO instructor (ID, name, dept_name, salary) VALUES ('6', 'Naveen', 'Mathematics', 200000.00);
INSERT INTO instructor (ID, name, dept_name, salary) VALUES ('7', 'Akhilesh', 'Statistics', 80000.00);
INSERT INTO instructor (ID, name, dept_name, salary) VALUES ('8', 'Poonam', 'Statistics', 80000.00);
INSERT INTO instructor (ID, name, dept_name, salary) VALUES ('9', 'Manisha', 'Literature', 100000.00);
INSERT INTO instructor (ID, name, dept_name, salary) VALUES ('10', 'Geeta', 'Literature', 200000.00);
INSERT INTO instructor (ID, name, dept_name, salary) VALUES ('11', 'Jitendra', 'Literature', 100000.00);
INSERT INTO instructor (ID, name, dept_name, salary) VALUES ('12', 'Madhoolika', 'Botany', 200000.00);
INSERT INTO instructor (ID, name, dept_name, salary) VALUES ('13', 'Kuldeep', 'Botany', 100000.00);

-- Inserting data into the student table
INSERT INTO student (ID, name, dept_name) VALUES ('1', 'Aditya', 'Computer Science');
INSERT INTO student (ID, name, dept_name) VALUES ('2', 'Akanksha', 'Mathematics');
INSERT INTO student (ID, name, dept_name) VALUES ('3', 'Akshita', 'Computer Science');
INSERT INTO student (ID, name, dept_name) VALUES ('4', 'Anjali', 'Statistics');
INSERT INTO student (ID, name, dept_name) VALUES ('5', 'Devanshu', 'Mathematics');
INSERT INTO student (ID, name, dept_name) VALUES ('6', 'Divyanshu', 'Literature');
INSERT INTO student (ID, name, dept_name) VALUES ('7', 'Harshit', 'Botany');
INSERT INTO student (ID, name, dept_name) VALUES ('8', 'Jagriti', 'Computer Science');
INSERT INTO student (ID, name, dept_name) VALUES ('9', 'Tanuja', 'Mathematics');
INSERT INTO student (ID, name, dept_name) VALUES ('10', 'Stuti', 'Statistics');
INSERT INTO student (ID, name, dept_name) VALUES ('11', 'Ashish', 'Literature');
INSERT INTO student (ID, name, dept_name) VALUES ('12', 'Akash', 'Computer Science');
INSERT INTO student (ID, name, dept_name) VALUES ('13', 'Abhinav', 'Computer Science');
INSERT INTO student (ID, name, dept_name) VALUES ('14', 'Sudeepto', 'Computer Science');
INSERT INTO student (ID, name, dept_name) VALUES ('15', 'Kinshuk', 'Computer Science');
INSERT INTO student (ID, name, dept_name) VALUES ('16', 'Aviral', 'Literature');
INSERT INTO student (ID, name, dept_name) VALUES ('17', 'Apurva', 'Botany');
INSERT INTO student (ID, name, dept_name) VALUES ('18', 'Sunil', 'Statistics');
INSERT INTO student (ID, name, dept_name) VALUES ('19', 'Shubham', 'Botany');
INSERT INTO student (ID, name, dept_name) VALUES ('20', 'Vallabh', 'Mathematics');
INSERT INTO student (ID, name, dept_name) VALUES ('21', 'Gagan', 'Computer Science');
INSERT INTO student (ID, name, dept_name) VALUES ('22', 'Adarsh', 'Statistics');
INSERT INTO student (ID, name, dept_name) VALUES ('23', 'Neha', 'Statistics');
INSERT INTO student (ID, name, dept_name) VALUES ('24', 'Stuti', 'Computer Science');
INSERT INTO student (ID, name, dept_name) VALUES ('25', 'Adamya', 'Computer Science');
INSERT INTO student (ID, name, dept_name) VALUES ('26', 'Abhishek', 'Literature');
INSERT INTO student (ID, name, dept_name) VALUES ('27', 'Divya', 'Literature');
INSERT INTO student (ID, name, dept_name) VALUES ('28', 'Rohan', 'Botany');
INSERT INTO student (ID, name, dept_name) VALUES ('29', 'Rahul', 'Botany');
INSERT INTO student (ID, name, dept_name) VALUES ('30', 'Rishabh', 'Mathematics');

-- Inserting data into the section table
INSERT INTO section (course_id, sec_id, semester, year, building, room_number, time_slot_id) VALUES ('BS', 'A', 1, 1, 'LT-1', 'LT-1A', '09 AM-11 AM');
INSERT INTO section (course_id, sec_id, semester, year, building, room_number, time_slot_id) VALUES ('BS', 'A', 2, 1, 'LT-1', 'LT-1A', '11 AM-01 PM');
INSERT INTO section (course_id, sec_id, semester, year, building, room_number, time_slot_id) VALUES ('BS', 'B', 3, 2, 'LT-1', 'LT-1A', '01 PM-03 PM');
INSERT INTO section (course_id, sec_id, semester, year, building, room_number, time_slot_id) VALUES ('BS', 'B', 4, 2, 'LT-1', 'LT-1A', '03 PM-05 PM');
INSERT INTO section (course_id, sec_id, semester, year, building, room_number, time_slot_id) VALUES ('BS', 'C', 5, 3, 'LT-1', 'LT-1B', '09 AM-01 PM');
INSERT INTO section (course_id, sec_id, semester, year, building, room_number, time_slot_id) VALUES ('BS', 'C', 6, 3, 'LT-1', 'LT-1B', '01 PM-05 PM');
INSERT INTO section (course_id, sec_id, semester, year, building, room_number, time_slot_id) VALUES ('BSB', 'A', 1, 1, 'LT-4', 'LT-4A', '09 AM-11 AM');
INSERT INTO section (course_id, sec_id, semester, year, building, room_number, time_slot_id) VALUES ('BSB', 'A', 2, 1, 'LT-4', 'LT-4A', '11 AM-01 PM');
INSERT INTO section (course_id, sec_id, semester, year, building, room_number, time_slot_id) VALUES ('BSB', 'B', 3, 2, 'LT-4', 'LT-4A', '01 PM-03 PM');
INSERT INTO section (course_id, sec_id, semester, year, building, room_number, time_slot_id) VALUES ('BSB', 'B', 4, 2, 'LT-4', 'LT-4A', '03 PM-05 PM');
INSERT INTO section (course_id, sec_id, semester, year, building, room_number, time_slot_id) VALUES ('BSB', 'C', 5, 3, 'LT-4', 'LT-4B', '09 AM-01 PM');
INSERT INTO section (course_id, sec_id, semester, year, building, room_number, time_slot_id) VALUES ('BSB', 'C', 6, 3, 'LT-4', 'LT-4B', '01 PM-05 PM');
INSERT INTO section (course_id, sec_id, semester, year, building, room_number, time_slot_id) VALUES ('BSc', 'A', 1, 1, 'LT-2', 'LT-2A', '09 AM-11 AM');
INSERT INTO section (course_id, sec_id, semester, year, building, room_number, time_slot_id) VALUES ('BSc', 'A', 2, 1, 'LT-2', 'LT-2A', '11 AM-01 PM');
INSERT INTO section (course_id, sec_id, semester, year, building, room_number, time_slot_id) VALUES ('BSc', 'B', 3, 2, 'LT-2', 'LT-2A', '01 PM-03 PM');
INSERT INTO section (course_id, sec_id, semester, year, building, room_number, time_slot_id) VALUES ('BSc', 'B', 4, 2, 'LT-2', 'LT-2A', '03 PM-05 PM');
INSERT INTO section (course_id, sec_id, semester, year, building, room_number, time_slot_id) VALUES ('BSc', 'C', 5, 3, 'LT-2', 'LT-2B', '09 AM-01 PM');
INSERT INTO section (course_id, sec_id, semester, year, building, room_number, time_slot_id) VALUES ('BSc', 'C', 6, 3, 'LT-2', 'LT-2B', '01 PM-05 PM');
INSERT INTO section (course_id, sec_id, semester, year, building, room_number, time_slot_id) VALUES ('MA', 'A', 1, 1, 'LT-3', 'LT-3A', '09 AM-01 PM');
INSERT INTO section (course_id, sec_id, semester, year, building, room_number, time_slot_id) VALUES ('MA', 'A', 2, 1, 'LT-3', 'LT-3A', '01 PM-05 PM');
INSERT INTO section (course_id, sec_id, semester, year, building, room_number, time_slot_id) VALUES ('MA', 'B', 3, 2, 'LT-3', 'LT-3B', '09 AM-01 PM');
INSERT INTO section (course_id, sec_id, semester, year, building, room_number, time_slot_id) VALUES ('MA', 'B', 4, 2, 'LT-3', 'LT-3B', '01 PM-05 PM');
INSERT INTO section (course_id, sec_id, semester, year, building, room_number, time_slot_id) VALUES ('MS', 'A', 1, 1, 'LT-1', 'LT-1C', '09 AM-01 PM');
INSERT INTO section (course_id, sec_id, semester, year, building, room_number, time_slot_id) VALUES ('MS', 'A', 2, 1, 'LT-1', 'LT-1C', '01 PM-05 PM');
INSERT INTO section (course_id, sec_id, semester, year, building, room_number, time_slot_id) VALUES ('MS', 'B', 3, 2, 'LT-1', 'LT-1D', '09 AM-01 PM');
INSERT INTO section (course_id, sec_id, semester, year, building, room_number, time_slot_id) VALUES ('MS', 'B', 4, 2, 'LT-1', 'LT-1D', '01 PM-05 PM');
INSERT INTO section (course_id, sec_id, semester, year, building, room_number, time_slot_id) VALUES ('MTech', 'A', 1, 1, 'LT-1', 'LT-1E', '09 AM-01 PM');
INSERT INTO section (course_id, sec_id, semester, year, building, room_number, time_slot_id) VALUES ('MTech', 'A', 2, 1, 'LT-1', 'LT-1E', '01 PM-05 PM');
INSERT INTO section (course_id, sec_id, semester, year, building, room_number, time_slot_id) VALUES ('MTech', 'B', 3, 2, 'LT-1', 'LT-1F', '09 AM-01 PM');
INSERT INTO section (course_id, sec_id, semester, year, building, room_number, time_slot_id) VALUES ('MTech', 'B', 4, 2, 'LT-1', 'LT-1F', '01 PM-05 PM');

-- Inserting data into the course table
INSERT INTO course (course_id, title, dept_name, credits) VALUES ('BSB', 'BS Botany', 'Botany', 300);
INSERT INTO course (course_id, title, dept_name, credits) VALUES ('MS', 'MSc Computer Science', 'Computer Science', 140);
INSERT INTO course (course_id, title, dept_name, credits) VALUES ('MTech', 'MTech CS', 'Computer Science', 150);
INSERT INTO course (course_id, title, dept_name, credits) VALUES ('MA', 'MA English', 'Literature', 120);
INSERT INTO course (course_id, title, dept_name, credits) VALUES ('BSc', 'BSc Mathematics', 'Mathematics', 260);
INSERT INTO course (course_id, title, dept_name, credits) VALUES ('BS', 'BS Statistics', 'Statistics', 300);


-- Inserting data into the teaches table
INSERT INTO teaches (ID, course_id, sec_id, semester, year) VALUES (1, 'MS', 'A', 1, 1);
INSERT INTO teaches (ID, course_id, sec_id, semester, year) VALUES (1, 'MTech', 'B', 3, 2);
INSERT INTO teaches (ID, course_id, sec_id, semester, year) VALUES (1, 'MTech', 'B', 4, 2);
INSERT INTO teaches (ID, course_id, sec_id, semester, year) VALUES (2, 'MS', 'B', 3, 2);
INSERT INTO teaches (ID, course_id, sec_id, semester, year) VALUES (2, 'MS', 'A', 2, 1);
INSERT INTO teaches (ID, course_id, sec_id, semester, year) VALUES (2, 'MS', 'B', 4, 2);
INSERT INTO teaches (ID, course_id, sec_id, semester, year) VALUES (3, 'MTech', 'A', 2, 1);
INSERT INTO teaches (ID, course_id, sec_id, semester, year) VALUES (3, 'MS', 'A', 2, 1);
INSERT INTO teaches (ID, course_id, sec_id, semester, year) VALUES (3, 'MS', 'B', 3, 2);
INSERT INTO teaches (ID, course_id, sec_id, semester, year) VALUES (3, 'MTech', 'A', 1, 1);
INSERT INTO teaches (ID, course_id, sec_id, semester, year) VALUES (4, 'BSc', 'A', 1, 1);
INSERT INTO teaches (ID, course_id, sec_id, semester, year) VALUES (5, 'BSc', 'A', 2, 1);
INSERT INTO teaches (ID, course_id, sec_id, semester, year) VALUES (6, 'BSc', 'A', 1, 1);
INSERT INTO teaches (ID, course_id, sec_id, semester, year) VALUES (4, 'BSc', 'B', 3, 2);
INSERT INTO teaches (ID, course_id, sec_id, semester, year) VALUES (5, 'BSc', 'B', 3, 2);
INSERT INTO teaches (ID, course_id, sec_id, semester, year) VALUES (6, 'BSc', 'B', 4, 2);
INSERT INTO teaches (ID, course_id, sec_id, semester, year) VALUES (4, 'BSc', 'C', 5, 3);
INSERT INTO teaches (ID, course_id, sec_id, semester, year) VALUES (5, 'BSc', 'C', 5, 3);
INSERT INTO teaches (ID, course_id, sec_id, semester, year) VALUES (6, 'BSc', 'C', 6, 3);
INSERT INTO teaches (ID, course_id, sec_id, semester, year) VALUES (6, 'BSc', 'C', 5, 3);
INSERT INTO teaches (ID, course_id, sec_id, semester, year) VALUES (7, 'BS', 'A', 1, 1);
INSERT INTO teaches (ID, course_id, sec_id, semester, year) VALUES (8, 'BS', 'A', 2, 1);
INSERT INTO teaches (ID, course_id, sec_id, semester, year) VALUES (7, 'BS', 'B', 3, 2);
INSERT INTO teaches (ID, course_id, sec_id, semester, year) VALUES (8, 'BS', 'B', 4, 2);
INSERT INTO teaches (ID, course_id, sec_id, semester, year) VALUES (7, 'BS', 'C', 5, 3);
INSERT INTO teaches (ID, course_id, sec_id, semester, year) VALUES (8, 'BS', 'C', 6, 3);
INSERT INTO teaches (ID, course_id, sec_id, semester, year) VALUES (9, 'MA', 'A', 1, 1);
INSERT INTO teaches (ID, course_id, sec_id, semester, year) VALUES (9, 'MA', 'B', 3, 2);
INSERT INTO teaches (ID, course_id, sec_id, semester, year) VALUES (9, 'MA', 'A', 2, 1);
INSERT INTO teaches (ID, course_id, sec_id, semester, year) VALUES (10, 'MA', 'B', 3, 2);
INSERT INTO teaches (ID, course_id, sec_id, semester, year) VALUES (11, 'MA', 'B', 4, 2);
INSERT INTO teaches (ID, course_id, sec_id, semester, year) VALUES (12, 'BSB', 'A', 1, 1);
INSERT INTO teaches (ID, course_id, sec_id, semester, year) VALUES (12, 'BSB', 'C', 5, 3);
INSERT INTO teaches (ID, course_id, sec_id, semester, year) VALUES (12, 'BSB', 'B', 3, 2);
INSERT INTO teaches (ID, course_id, sec_id, semester, year) VALUES (12, 'BSB', 'A', 2, 1);
INSERT INTO teaches (ID, course_id, sec_id, semester, year) VALUES (13, 'BSB', 'B', 4, 2);
INSERT INTO teaches (ID, course_id, sec_id, semester, year) VALUES (13, 'BSB', 'A', 2, 1);
INSERT INTO teaches (ID, course_id, sec_id, semester, year) VALUES (13, 'BSB', 'C', 5, 3);
INSERT INTO teaches (ID, course_id, sec_id, semester, year) VALUES (13, 'BSB', 'C', 6, 3);

-- Inserting data into the takes table
INSERT INTO takes (ID, course_id, sec_id, semester, year) VALUES ('1', 'MS', 'A', 1, 1);
INSERT INTO takes (ID, course_id, sec_id, semester, year) VALUES ('2', 'BSc', 'A', 1, 1);
INSERT INTO takes (ID, course_id, sec_id, semester, year) VALUES ('3', 'MS', 'B', 3, 2);
INSERT INTO takes (ID, course_id, sec_id, semester, year) VALUES ('4', 'BS', 'A', 2, 1);
INSERT INTO takes (ID, course_id, sec_id, semester, year) VALUES ('5', 'BSc', 'B', 3, 2);
INSERT INTO takes (ID, course_id, sec_id, semester, year) VALUES ('6', 'MA', 'A', 1, 1);
INSERT INTO takes (ID, course_id, sec_id, semester, year) VALUES ('7', 'BSB', 'A', 2, 1);
INSERT INTO takes (ID, course_id, sec_id, semester, year) VALUES ('8', 'MTech', 'A', 1, 1);
INSERT INTO takes (ID, course_id, sec_id, semester, year) VALUES ('9', 'BSc', 'A', 2, 1);
INSERT INTO takes (ID, course_id, sec_id, semester, year) VALUES ('10', 'BS', 'B', 4, 2);
INSERT INTO takes (ID, course_id, sec_id, semester, year) VALUES ('11', 'MA', 'A', 1, 1);
INSERT INTO takes (ID, course_id, sec_id, semester, year) VALUES ('12', 'MS', 'B', 3, 2);
INSERT INTO takes (ID, course_id, sec_id, semester, year) VALUES ('13', 'MS', 'A', 1, 1);
INSERT INTO takes (ID, course_id, sec_id, semester, year) VALUES ('14', 'MTech', 'B', 4, 2);
INSERT INTO takes (ID, course_id, sec_id, semester, year) VALUES ('15', 'MTech', 'B', 4, 2);
INSERT INTO takes (ID, course_id, sec_id, semester, year) VALUES ('16', 'MA', 'A', 2, 1);
INSERT INTO takes (ID, course_id, sec_id, semester, year) VALUES ('17', 'BSB', 'A', 2, 1);
INSERT INTO takes (ID, course_id, sec_id, semester, year) VALUES ('18', 'BS', 'C', 6, 3);
INSERT INTO takes (ID, course_id, sec_id, semester, year) VALUES ('19', 'BSB', 'B', 4, 2);
INSERT INTO takes (ID, course_id, sec_id, semester, year) VALUES ('20', 'BSc', 'C', 5, 3);
INSERT INTO takes (ID, course_id, sec_id, semester, year) VALUES ('21', 'MS', 'B', 4, 2);
INSERT INTO takes (ID, course_id, sec_id, semester, year) VALUES ('22', 'BS', 'C', 5, 3);
INSERT INTO takes (ID, course_id, sec_id, semester, year) VALUES ('23', 'BS', 'C', 6, 3);
INSERT INTO takes (ID, course_id, sec_id, semester, year) VALUES ('24', 'MS', 'B', 4, 2);
INSERT INTO takes (ID, course_id, sec_id, semester, year) VALUES ('25', 'MTech', 'A', 2, 1);
INSERT INTO takes (ID, course_id, sec_id, semester, year) VALUES ('26', 'MA', 'B', 3, 2);
INSERT INTO takes (ID, course_id, sec_id, semester, year) VALUES ('27', 'MA', 'A', 1, 1);
INSERT INTO takes (ID, course_id, sec_id, semester, year) VALUES ('28', 'BSB', 'C', 5, 3);
INSERT INTO takes (ID, course_id, sec_id, semester, year) VALUES ('29', 'BSB', 'B', 3, 2);
INSERT INTO takes (ID, course_id, sec_id, semester, year) VALUES ('30', 'BSc', 'C', 5, 3);

-- Inserting data into the advisor table
INSERT INTO advisor (s_ID, i_ID) VALUES ('1', '1');
INSERT INTO advisor (s_ID, i_ID) VALUES ('2', '4');
INSERT INTO advisor (s_ID, i_ID) VALUES ('3', '2');
INSERT INTO advisor (s_ID, i_ID) VALUES ('4', '7');
INSERT INTO advisor (s_ID, i_ID) VALUES ('5', '6');
INSERT INTO advisor (s_ID, i_ID) VALUES ('6', '11');
INSERT INTO advisor (s_ID, i_ID) VALUES ('7', '12');
INSERT INTO advisor (s_ID, i_ID) VALUES ('8', '2');
INSERT INTO advisor (s_ID, i_ID) VALUES ('9', '4');
INSERT INTO advisor (s_ID, i_ID) VALUES ('10', '7');
INSERT INTO advisor (s_ID, i_ID) VALUES ('11', '11');
INSERT INTO advisor (s_ID, i_ID) VALUES ('12', '3');
INSERT INTO advisor (s_ID, i_ID) VALUES ('13', '3');
INSERT INTO advisor (s_ID, i_ID) VALUES ('14', '2');
INSERT INTO advisor (s_ID, i_ID) VALUES ('15', '1');
INSERT INTO advisor (s_ID, i_ID) VALUES ('16', '9');
INSERT INTO advisor (s_ID, i_ID) VALUES ('17', '13');
INSERT INTO advisor (s_ID, i_ID) VALUES ('18', '8');
INSERT INTO advisor (s_ID, i_ID) VALUES ('19', '13');
INSERT INTO advisor (s_ID, i_ID) VALUES ('20', '6');
INSERT INTO advisor (s_ID, i_ID) VALUES ('21', '1');
INSERT INTO advisor (s_ID, i_ID) VALUES ('22', '7');
INSERT INTO advisor (s_ID, i_ID) VALUES ('23', '7');
INSERT INTO advisor (s_ID, i_ID) VALUES ('24', '2');
INSERT INTO advisor (s_ID, i_ID) VALUES ('25', '2');
INSERT INTO advisor (s_ID, i_ID) VALUES ('26', '10');
INSERT INTO advisor (s_ID, i_ID) VALUES ('27', '9');
INSERT INTO advisor (s_ID, i_ID) VALUES ('28', '13');
INSERT INTO advisor (s_ID, i_ID) VALUES ('29', '12');
INSERT INTO advisor (s_ID, i_ID) VALUES ('30', '5');
